Entry ID,US entry name,Age,Unknown #0,Width,Depth,MAXMP,Element ID,[Element name],Padding #0,Weapon ID,[Weapon name],Armor ID,[Armor name],Accessory ID,[Accessory name],Movement flags,HP,MAXHP,Base MAXHP increase,Spirit,MAXSpirit,Counter%,Padding #1,EXP,Base MAXMP increase,Unknown #1,Green,Red,Purple,Blue,Yellow,Silver,Poison,Unconscious,Stone,Sleep,Confusion,Silence,Fatigue,Revival,Weak,Unknown #2,Unknown #3,Unknown #4,Unknown #5,Unknown #6,Unknown #7,Unknown #8,Power,Will,Vigor,Agile,Quick,Padding #2,Base power increase,Base will increase,Base vigor increase,Padding #3,Padding #4,Base quick increase,Green EXP,Red EXP,Purple EXP,Blue EXP,Yellow EXP,Silver EXP
0,Vyse,17,0,1,1,2,1,Red,0,0,Cutlass,87,Pirate Clothes,204,Goggle,4039,420,420,84,2,10,16,0,0,0.800000011920929,17.0,10,9,10,10,10,10,10,10,10,10,10,10,10,10,10,10,10,10,10,10,10,10,23,16,19,10,22,0,4.599999904632568,3.200000047683716,3.799999952316284,-13107,15692,4.400000095367432,0,9,0,0,0,0
1,Aika,17,1,1,1,3,2,Purple,0,16,Boomerang,87,Pirate Clothes,201,Ribbon,4087,360,360,72,1,5,11,0,0,1.0,16.0,9,10,10,10,10,10,9,10,10,10,10,10,10,10,10,10,10,10,10,10,10,10,17,20,18,22,23,0,3.4000000953674316,4.0,3.5999999046325684,-15729,15733,4.599999904632568,0,0,7,0,0,0
2,Fina,17,1,1,1,5,0,Green,0,33,Cupil Knight,82,Silk Robe,162,Ring of Oak,4087,300,300,60,1,5,5,0,0,1.75,16.0,10,10,10,10,10,9,10,10,9,10,10,10,10,10,10,10,10,10,10,10,10,10,13,25,15,12,21,0,2.5999999046325684,5.0,3.0,-13107,15692,4.199999809265137,4,0,0,0,0,0
3,Drachma,53,0,1,1,1,2,Purple,0,48,義手,83,ドラクマ服,168,攻撃の腕輪１,4039,560,560,112,2,10,13,0,0,0.5,18.0,10,10,9,10,10,10,10,9,10,10,10,10,10,10,10,10,10,10,10,10,10,10,29,12,28,4,16,0,5.800000190734863,2.4000000953674316,5.599999904632568,-15729,15605,3.200000047683716,0,0,0,0,0,0
4,エンリック,25,0,1,1,3,4,Yellow,0,58,レイピア,84,エンリック服,177,守りの腕輪,4039,400,400,80,1,5,7,0,0,1.149999976158142,18.0,10,10,10,10,9,10,11,11,11,11,11,11,11,10,10,10,10,10,10,10,10,10,18,23,17,16,19,0,3.5999999046325684,4.599999904632568,3.4000000953674316,-15729,15733,3.799999952316284,0,0,0,0,0,0
5,ギルダー,32,0,1,1,2,3,Blue,0,64,俺様の拳銃,85,ギルダー服,183,守りの首飾り２,4087,480,480,96,1,5,9,0,0,0.75,19.0,10,10,10,9,10,10,10,10,10,10,10,10,10,10,10,10,10,10,10,10,10,10,25,15,21,14,20,0,5.0,3.0,4.199999809265137,-13107,15692,4.0,0,0,0,0,0,0
