Entry ID,EU entry name,Age,Unknown #0,Width,Depth,MAXMP,Element ID,[Element name],Padding #0,Weapon ID,[Weapon name],Armor ID,[Armor name],Accessory ID,[Accessory name],Movement flags,HP,MAXHP,Base MAXHP increase,Spirit,MAXSpirit,Counter%,Padding #1,EXP,Base MAXMP increase,Unknown #1,Green,Red,Purple,Blue,Yellow,Silver,Poison,Unconscious,Stone,Sleep,Confusion,Silence,Fatigue,Revival,Weak,Unknown #2,Unknown #3,Unknown #4,Unknown #5,Unknown #6,Unknown #7,Unknown #8,Power,Will,Vigor,Agile,Quick,Padding #2,Base power increase,Base will increase,Base vigor increase,Padding #3,Padding #4,Base quick increase,Green EXP,Red EXP,Purple EXP,Blue EXP,Yellow EXP,Silver EXP
0,Vyse,17,0,1,1,3,1,Red,0,0,Cutlass,80,Vyse's Uniform,204,Skyseer Goggles,4039,420,420,84,1,4,15,0,0,0.3199999928474426,17.0,10,10,10,10,10,10,10,10,10,10,10,10,10,10,10,10,10,10,10,10,10,10,23,16,19,11,22,0,4.599999904632568,3.200000047683716,3.799999952316284,0,0,4.400000095367432,0,0,0,0,0,0
1,Aika,17,1,1,1,4,0,Green,0,16,Boomerang,81,Aika's Shorts,201,Flash Ribbon,4087,360,360,72,1,4,6,0,0,0.41999998688697815,16.0,10,10,10,10,10,10,10,10,10,10,10,10,10,10,10,10,10,10,10,10,10,10,17,21,18,22,24,0,3.4000000953674316,4.199999809265137,3.5999999046325684,0,0,4.800000190734863,0,0,0,0,0,0
2,Fina,17,1,1,1,6,5,Silver,0,32,Cupil,82,Fina's Robe,215,Silver Veil,4087,300,300,60,1,4,5,0,0,0.699999988079071,16.0,10,10,10,10,10,10,10,10,10,10,10,10,10,10,10,10,10,10,10,10,10,10,13,25,15,12,21,0,2.5999999046325684,5.0,3.0,0,0,4.199999809265137,0,0,0,0,0,51
3,Drachma,53,0,1,1,2,3,Blue,0,48,Artificial Arm,83,Drachma's Shirt,214,Black Eyepatch,4039,560,560,112,1,4,13,0,3864,0.20000000298023224,18.0,10,10,10,10,10,10,10,10,10,10,10,10,10,10,10,10,10,10,10,10,10,10,29,12,28,4,16,0,5.800000190734863,2.4000000953674316,5.599999904632568,0,0,3.200000047683716,11,31,44,62,0,0
4,Enrique,25,0,1,1,4,4,Yellow,0,58,Rapier,84,Enrique's Coat,216,Imperial Crest,4039,400,400,80,1,4,7,0,39682,0.46000000834465027,18.0,10,10,10,10,10,10,10,10,10,10,10,10,10,10,10,10,10,10,10,10,10,10,18,23,17,16,19,0,3.5999999046325684,4.599999904632568,3.4000000953674316,0,0,3.799999952316284,193,135,104,211,237,122
5,Gilder,32,0,1,1,3,2,Purple,0,64,Gilder's Own,85,Gilder's Mail,217,Gilder's Amulet,4087,480,480,96,1,4,9,0,42446,0.30000001192092896,19.0,10,10,10,10,10,10,10,10,10,10,10,10,10,10,10,10,10,10,10,10,10,10,25,15,21,14,20,0,5.0,3.0,4.199999809265137,0,0,4.0,92,166,201,113,104,80
